<?xml version="1.0" encoding="UTF-8" ?>
<feedback>
  <version>1.0</version>
  <report_metadata>
    <org_name>google.com</org_name>
    <email>noreply-dmarc-support@google.com</email>
    <extra_contact_info>https://support.google.com/a/answer/2466580</extra_contact_info>
    <report_id>2788063312660395566</report_id>
    <date_range>
      <begin>1769126400</begin>
      <end>1769212799</end>
    </date_range>
  </report_metadata>
  <policy_published>
    <domain>secure.200permits.com</domain>
    <adkim>s</adkim>
    <aspf>s</aspf>
    <p>reject</p>
    <sp>reject</sp>
    <pct>100</pct>
    <np>reject</np>
  </policy_published>
  <record>
    <row>
      <source_ip>52.4.242.136</source_ip>
      <count>4</count>
      <policy_evaluated>
        <disposition>none</disposition>
        <dkim>fail</dkim>
        <spf>pass</spf>
      </policy_evaluated>
    </row>
    <identifiers>
      <header_from>secure.200permits.com</header_from>
    </identifiers>
    <auth_results>
      <spf>
        <domain>secure.200permits.com</domain>
        <result>pass</result>
      </spf>
    </auth_results>
  </record>
  <record>
    <row>
      <source_ip>52.4.242.136</source_ip>
      <count>1</count>
      <policy_evaluated>
        <disposition>none</disposition>
        <dkim>pass</dkim>
        <spf>pass</spf>
        <reason>
          <type>local_policy</type>
          <comment>Sender requirement failed: 550-5.7.25</comment>
        </reason>
      </policy_evaluated>
    </row>
    <identifiers>
      <header_from>secure.200permits.com</header_from>
    </identifiers>
    <auth_results>
      <dkim>
        <domain>secure.200permits.com</domain>
        <result>pass</result>
        <selector>default</selector>
      </dkim>
      <spf>
        <domain>secure.200permits.com</domain>
        <result>pass</result>
      </spf>
    </auth_results>
  </record>
  <record>
    <row>
      <source_ip>52.4.242.136</source_ip>
      <count>42</count>
      <policy_evaluated>
        <disposition>none</disposition>
        <dkim>pass</dkim>
        <spf>pass</spf>
      </policy_evaluated>
    </row>
    <identifiers>
      <header_from>secure.200permits.com</header_from>
    </identifiers>
    <auth_results>
      <dkim>
        <domain>secure.200permits.com</domain>
        <result>pass</result>
        <selector>default</selector>
      </dkim>
      <spf>
        <domain>secure.200permits.com</domain>
        <result>pass</result>
      </spf>
    </auth_results>
  </record>
</feedback>
