<?xml version="1.0" encoding="UTF-8" ?>
<feedback>
  <version>1.0</version>
  <report_metadata>
    <org_name>google.com</org_name>
    <email>noreply-dmarc-support@google.com</email>
    <extra_contact_info>https://support.google.com/a/answer/2466580</extra_contact_info>
    <report_id>11629836403827691765</report_id>
    <date_range>
      <begin>1766102400</begin>
      <end>1766188799</end>
    </date_range>
  </report_metadata>
  <policy_published>
    <domain>bluesun.net</domain>
    <adkim>s</adkim>
    <aspf>s</aspf>
    <p>reject</p>
    <sp>reject</sp>
    <pct>100</pct>
    <np>reject</np>
  </policy_published>
  <record>
    <row>
      <source_ip>209.85.220.41</source_ip>
      <count>1</count>
      <policy_evaluated>
        <disposition>none</disposition>
        <dkim>pass</dkim>
        <spf>fail</spf>
      </policy_evaluated>
    </row>
    <identifiers>
      <header_from>bluesun.net</header_from>
    </identifiers>
    <auth_results>
      <dkim>
        <domain>bluesun.net</domain>
        <result>pass</result>
        <selector>dkim</selector>
      </dkim>
      <spf>
        <domain>zobristfamily.com</domain>
        <result>none</result>
      </spf>
    </auth_results>
  </record>
  <record>
    <row>
      <source_ip>35.162.223.24</source_ip>
      <count>1</count>
      <policy_evaluated>
        <disposition>none</disposition>
        <dkim>pass</dkim>
        <spf>pass</spf>
      </policy_evaluated>
    </row>
    <identifiers>
      <header_from>bluesun.net</header_from>
    </identifiers>
    <auth_results>
      <dkim>
        <domain>bluesun.net</domain>
        <result>pass</result>
        <selector>dkim</selector>
      </dkim>
      <spf>
        <domain>bluesun.net</domain>
        <result>pass</result>
      </spf>
    </auth_results>
  </record>
</feedback>
